{
  "train": {
    "mae_seconds": 242.58353877512613,
    "n": 24000,
    "r2": 0.6878081955065949,
    "rmse_seconds": 360.04841233131674
  },
  "validation": {
    "mae_seconds": 243.70420008341472,
    "n": 6000,
    "r2": 0.6968395958064302,
    "rmse_seconds": 357.96503796542385
  }
}
