model,split,mae_seconds,rmse_seconds,r2,n
baseline_ridge,train,242.58353877512613,360.04841233131674,0.6878081955065949,24000
baseline_ridge,validation,243.70420008341472,357.96503796542385,0.6968395958064302,6000
