model,split,mae_seconds,rmse_seconds,r2,n
small_mlp_numpy,train,186.83553457612257,281.8678458919973,0.8086666081063152,24000
small_mlp_numpy,validation,208.9740675448127,313.86079781686686,0.7669412553629045,6000
