{
  "train": {
    "mae_seconds": 186.83553457612257,
    "n": 24000,
    "r2": 0.8086666081063152,
    "rmse_seconds": 281.8678458919973
  },
  "validation": {
    "mae_seconds": 208.9740675448127,
    "n": 6000,
    "r2": 0.7669412553629045,
    "rmse_seconds": 313.86079781686686
  }
}
