model,split,mae_seconds,rmse_seconds,r2,n
baseline_mean,train,472.99178716666665,644.3920164732153,0.0,24000
baseline_mean,validation,479.01157633333327,650.1470381004208,-3.322868585886596e-05,6000
