{
  "train": {
    "mae_seconds": 472.99178716666665,
    "n": 24000,
    "r2": 0.0,
    "rmse_seconds": 644.3920164732153
  },
  "validation": {
    "mae_seconds": 479.01157633333327,
    "n": 6000,
    "r2": -3.322868585886596e-05,
    "rmse_seconds": 650.1470381004208
  }
}
