{
  "train": {
    "mae_seconds": 242.58356484095256,
    "n": 24000,
    "r2": 0.6878081973888398,
    "rmse_seconds": 360.04841124592747
  },
  "validation": {
    "mae_seconds": 243.70417824808757,
    "n": 6000,
    "r2": 0.6968397040309661,
    "rmse_seconds": 357.9649740708601
  }
}
