model,split,mae_seconds,rmse_seconds,r2,n
baseline_ridge,train,242.58356484095256,360.04841124592747,0.6878081973888398,24000
baseline_ridge,validation,243.70417824808757,357.9649740708601,0.6968397040309661,6000
