model,split,mae_seconds,rmse_seconds,r2,n
small_mlp_torch,train,178.61231827545166,274.378212829548,0.8186995243187806,24000
small_mlp_torch,validation,202.4132774149577,309.55911541877015,0.7732859433091048,6000
