{
  "train": {
    "mae_seconds": 178.61231827545166,
    "n": 24000,
    "r2": 0.8186995243187806,
    "rmse_seconds": 274.378212829548
  },
  "validation": {
    "mae_seconds": 202.4132774149577,
    "n": 6000,
    "r2": 0.7732859433091048,
    "rmse_seconds": 309.55911541877015
  }
}
